scenario,treatment_effect,ci_lower,ci_upper,GDP_Growth,Unemployment,Inflation,InterestRate
recession,0.1272815134585965,0.08581559076391695,0.16874743615327598,-2.0,8.0,1.0,0.5
normal,0.10360486506139496,-0.03179625707531582,0.23900598719810567,2.5,5.0,2.0,2.0
expansion,0.3029934640530565,-0.07889934982870817,0.684886277934821,4.0,3.5,3.0,4.0
