fold,test_years,LSTM_MAE,LSTM_RMSE,LSTM_R2,Double ML_MAE,Double ML_RMSE,Double ML_R2,Causal Forest_MAE,Causal Forest_RMSE,Causal Forest_R2,Hybrid_MAE,Hybrid_RMSE,Hybrid_R2
1,1988-1994,0.00975274214965094,0.012099168739084214,-2.6479374664746405,0.011178034756835273,0.013762094157310698,-3.719601902704315,0.009658754684846433,0.011048318683766267,-2.041786326834974,0.03949395039615893,0.042840950242855,-44.735613410296104
2,1995-2001,0.006605526786420695,0.008489998491606976,0.2912906097808188,0.020443657600688035,0.02475422529130563,-5.024924920216094,0.007350415897899166,0.008392617208894204,0.3074553297861974,0.029242372752241667,0.033686782442042075,-10.157631769458549
3,2002-2008,0.012097319280077876,0.015653032263999132,0.15288757209447446,0.007120410710341719,0.008342890214391533,0.7593548297639157,0.013594367414410573,0.01626256299352956,0.08562977374236524,0.04034209217832536,0.04060906875485307,-4.701513450774563
4,2009-2015,0.010528783055287974,0.012489408235381623,-1.0190930228946882,0.012478106036566152,0.017935561162922095,-3.163921600021636,0.009316614275852207,0.010381183269431455,-0.39497466925670555,0.0355959903503,0.03739619498546986,-17.102036502777292
5,2016-2022,0.005842240752052118,0.007861430459804968,0.729510318561545,0.012803293442710917,0.015332128889877047,-0.028850969583480657,0.00528175343707877,0.007871385305654705,0.728824848416022,0.04201807146857206,0.044267770288015276,-7.576751822984681
